Loại cây trồng,Nhiệt độ (°C),Lượng mưa (mm),Độ ẩm (%),Loại đất,Lượng phân bón (kg/ha),Kỹ thuật canh tác,Năng suất dự báo (tấn/ha)
Cà phê,22.36,79.22,79.83,Thịt,89.26,Truyền thống,16.81
Sắn,24.63,284.96,64.08,Cát,87.05,Truyền thống,19.05
Đậu tương,36.28,206.93,45.87,Cát,185.94,Truyền thống,27.52
Cà phê,22.92,133.73,46.26,Cát,87.43,Truyền thống,15.32
Khoai,19.24,84.82,74.28,Cát,90.79,Công nghệ cao,15.85
Hồ tiêu,28.92,248.51,61.52,Sét,163.91,Truyền thống,26.89
Đậu tương,38.4,205.02,50.03,Sét,117.46,Truyền thống,21.76
Đậu tương,32.4,183.37,64.58,Cát,166.51,Truyền thống,25.84
Cà phê,29.25,273.47,43.21,Cát,59.8,Công nghệ cao,16.05
Ngô,17.43,247.15,69.1,Cát,123.14,Truyền thống,22.28
Khoai,30.38,87.92,53.45,Sét,55.04,Truyền thống,11.97
Cà phê,39.75,127.93,79.88,Cát,59.4,Công nghệ cao,15.93
Khoai,18.5,112.12,55.52,Cát,185.97,Công nghệ cao,24.63
Khoai,27.96,235.99,62.76,Phù sa,70.89,Truyền thống,17.18
Hồ tiêu,36.93,58.38,40.58,Phù sa,129.86,Truyền thống,20.23
Đậu tương,33.52,192.47,43.62,Cát,111.66,Truyền thống,20
Sắn,32.43,240.61,59.62,Thịt,102.1,Truyền thống,20.34
Hồ tiêu,32.56,269.19,64,Cát,184.98,Truyền thống,29.25
Hồ tiêu,23.99,135.52,70,Phù sa,53.27,Công nghệ cao,13.25
Khoai,22.34,255.31,54.58,Thịt,149.57,Công nghệ cao,25.5
Mía,35.23,77.66,74.75,Thịt,194.51,Truyền thống,25.9
Đậu tương,35.25,261.61,83.01,Cát,134.03,Truyền thống,25.65
Ngô,36.68,81.87,78.99,Phù sa,190.52,Công nghệ cao,26.18
Hồ tiêu,37.83,149.32,41.98,Phù sa,57.84,Truyền thống,13.79
Sắn,27.78,249.32,64.03,Thịt,112.82,Truyền thống,21.36
Mía,27.54,87.48,45.25,Cát,89.02,Truyền thống,15.68
Mía,34.96,107.31,52.1,Sét,159.62,Truyền thống,22.62
Ngô,31.25,230.56,89.33,Sét,197.19,Truyền thống,30.8
Hồ tiêu,32.55,230.01,47.12,Phù sa,88.48,Công nghệ cao,19.5
Sắn,34.89,210.29,64.94,Sét,148.13,Truyền thống,24.03
Đậu tương,37.25,223.49,70.91,Phù sa,79.71,Truyền thống,18.53
Lúa,23.45,185.68,75.12,Phù sa,134.8,Truyền thống,22.29
Sắn,24.39,112.95,67.98,Phù sa,119.59,Công nghệ cao,19.69
Ngô,17.35,136.42,40.49,Sét,195.8,Công nghệ cao,26.4
Mía,29.46,95.4,56.32,Phù sa,141.28,Công nghệ cao,20.88
Đậu tương,15.9,277.11,65.89,Thịt,102.43,Công nghệ cao,20.8
Sắn,26.64,195.85,44.39,Cát,67.11,Truyền thống,16.19
Lúa,28.57,150.21,57.53,Cát,72.69,Công nghệ cao,15.33
Lúa,22.16,165.5,41.66,Phù sa,83.8,Truyền thống,16.41
Khoai,29.77,286.82,43.93,Cát,87.64,Truyền thống,18.66
Khoai,15.76,88.34,59.85,Sét,177.59,Công nghệ cao,23.63
Cà phê,15.93,196.56,46.64,Sét,134.18,Công nghệ cao,21.78
Ngô,35.57,176.47,68.38,Cát,128.51,Công nghệ cao,22.95
Hồ tiêu,24,202.86,74.47,Sét,67.22,Công nghệ cao,16.39
Sắn,18.18,54.53,80.03,Cát,179.02,Công nghệ cao,24.15
Sắn,28.06,268.03,50.01,Cát,158.42,Truyền thống,26.11
Hồ tiêu,34.25,283.03,48.37,Cát,60.15,Công nghệ cao,16.21
Cà phê,20.4,191.28,45.23,Phù sa,156.18,Công nghệ cao,24.12
Mía,30.57,224.16,71.82,Cát,131.53,Công nghệ cao,23.76
Mía,17.13,280.62,75.32,Phù sa,62.26,Truyền thống,16.73
Cà phê,16.29,226.81,41.58,Cát,118.75,Công nghệ cao,20.24
Mía,28.28,88.13,86.81,Cát,122.7,Truyền thống,20.18
Khoai,28.52,194.07,42.6,Cát,74.87,Công nghệ cao,15.85
Sắn,30.94,201.68,67.06,Sét,191.85,Công nghệ cao,28.74
Cà phê,33.15,156.03,75.45,Phù sa,177.5,Truyền thống,27.84
Sắn,39.4,234.11,83.55,Phù sa,150.35,Công nghệ cao,26.07
Hồ tiêu,27.91,283.59,75.7,Cát,119.34,Truyền thống,23.09
Lúa,23.07,281.39,80.09,Cát,111.76,Truyền thống,22.04
Khoai,34.88,162.71,56.97,Sét,147.65,Truyền thống,23.84
Đậu tương,21.77,78.31,80.74,Sét,131.81,Công nghệ cao,20.17
Khoai,25.97,296.21,44.01,Sét,59.34,Công nghệ cao,16.15
Cà phê,16.96,259.72,84.74,Phù sa,126.88,Công nghệ cao,23.93
Đậu tương,15.63,81.17,67.38,Phù sa,170.96,Truyền thống,24.23
Lúa,39.07,280.21,80.86,Phù sa,118.89,Công nghệ cao,23.57
Cà phê,35.9,267.47,62.62,Cát,57.79,Truyền thống,15.87
Ngô,32.4,179.71,72.18,Phù sa,167.94,Công nghệ cao,26.68
Sắn,25.22,197.82,66.32,Thịt,80.2,Truyền thống,16.88
Lúa,19.33,149.75,76.58,Thịt,88.79,Truyền thống,17.53
Sắn,18.91,63.69,44.08,Sét,74.71,Truyền thống,12.03
Mía,21.26,133.8,43.02,Phù sa,99.53,Công nghệ cao,17.43
Ngô,28.73,250.71,52.36,Thịt,163.51,Truyền thống,25.77
Ngô,32.86,51.16,47.98,Sét,127.91,Truyền thống,19.26
Lúa,31.5,133.37,83.59,Phù sa,80.73,Truyền thống,16.83
Ngô,22,149.54,50.96,Cát,181.67,Truyền thống,25.31
Đậu tương,38.87,184.35,88.79,Thịt,181.94,Truyền thống,28.28
Ngô,33.45,279.96,56.84,Cát,180.59,Truyền thống,29.38
Sắn,28.86,136.59,49.11,Phù sa,85.82,Công nghệ cao,16.28
Sắn,30.29,136.74,79.48,Thịt,117.69,Công nghệ cao,20.69
Cà phê,25.49,234.38,72.94,Phù sa,197.75,Truyền thống,30.91
Sắn,21.19,163.05,64.91,Cát,165.8,Công nghệ cao,24.07
Cà phê,23.9,106.15,67.77,Thịt,54.08,Công nghệ cao,13.57
Sắn,33.95,163.11,75.96,Cát,59.78,Truyền thống,15.27
Đậu tương,15.36,85.21,51.42,Phù sa,119.59,Truyền thống,17.52
Hồ tiêu,17.9,94.1,89.82,Phù sa,186.38,Truyền thống,25.44
Cà phê,16.15,174.59,88.74,Cát,130.81,Công nghệ cao,21.95
Khoai,16.02,154.73,72.52,Thịt,124.67,Truyền thống,21
Mía,36.39,278.71,49.98,Cát,65.82,Công nghệ cao,17.41
Lúa,32.59,140.6,74.01,Phù sa,148.52,Truyền thống,24.27
Sắn,26.85,195.15,43.61,Cát,173.32,Công nghệ cao,25.16
Ngô,17.45,208.07,41.53,Phù sa,107.06,Truyền thống,18.98
Hồ tiêu,27.29,53.27,52.88,Cát,166.34,Truyền thống,22.02
Sắn,26.84,215.88,63.13,Thịt,194.67,Công nghệ cao,29.2
Ngô,19.33,94.51,83.41,Thịt,80.56,Công nghệ cao,15.86
Mía,25.85,290.27,76.36,Cát,128.5,Công nghệ cao,24.03
Mía,24.96,87.17,77.14,Cát,93.07,Công nghệ cao,15.31
Mía,30.4,153.66,61.27,Thịt,168.93,Công nghệ cao,25.42
Ngô,30.88,71.34,57.3,Phù sa,136.64,Công nghệ cao,20.57
Sắn,16.13,299.22,58.55,Thịt,145.19,Truyền thống,25.27
Mía,24.37,175.55,89.38,Phù sa,169.69,Công nghệ cao,27
Đậu tương,30.65,198.85,42.01,Cát,109.4,Truyền thống,19.17
Cà phê,27.58,66.77,83.35,Cát,187.26,Truyền thống,26.28
Ngô,36.41,237.49,68.93,Phù sa,129.95,Công nghệ cao,24.23
Ngô,31.47,102.48,61.93,Cát,73.69,Truyền thống,13.96
Sắn,19.07,274.51,76.26,Phù sa,154.38,Công nghệ cao,26.33
Ngô,16.76,101.28,64.33,Sét,168.99,Công nghệ cao,23.44
Ngô,31.06,97.67,83.67,Thịt,97.51,Truyền thống,17.73
Mía,15.66,59.14,85.04,Sét,178.58,Truyền thống,24.55
Sắn,29.64,168.02,61.09,Phù sa,185.92,Công nghệ cao,27.02
Mía,38.51,191.21,53.84,Thịt,91.54,Công nghệ cao,18.18
Cà phê,29.39,66.43,69.62,Phù sa,197.53,Truyền thống,26.66
Hồ tiêu,24.7,243.88,85.62,Thịt,71.11,Truyền thống,17.25
Cà phê,31.08,163.32,50.53,Thịt,80.3,Truyền thống,15.82
Hồ tiêu,26.46,181.1,71.15,Thịt,77.63,Truyền thống,17.18
Mía,28.64,160.19,71.58,Thịt,184.1,Công nghệ cao,26.62
Cà phê,38.54,150.19,76.66,Phù sa,148.14,Công nghệ cao,24.38
Sắn,24.65,189.91,46.58,Thịt,72.82,Công nghệ cao,15.94
Lúa,39.03,88.81,75.79,Thịt,116.05,Công nghệ cao,18.74
Mía,37.63,95.48,85.45,Sét,142.29,Truyền thống,22.24
Hồ tiêu,19.89,265.45,48.98,Cát,62.52,Truyền thống,16.62
Đậu tương,16.73,286.53,51.88,Cát,182.36,Công nghệ cao,27.87
Hồ tiêu,17.52,143.33,88.57,Sét,170.54,Công nghệ cao,25.22
Đậu tương,15.46,117.69,49.05,Sét,125.78,Công nghệ cao,19.41
Ngô,17.36,211,82.72,Phù sa,195.07,Công nghệ cao,29.47
Cà phê,32.08,152.18,64.61,Phù sa,112.66,Công nghệ cao,19.73
Đậu tương,16.78,56.35,52.36,Phù sa,197.62,Công nghệ cao,25
Hồ tiêu,22.97,89.04,83.54,Sét,150.19,Công nghệ cao,23.17
Ngô,36.12,228.99,62.27,Sét,145.2,Công nghệ cao,25.64
Lúa,15.58,214.73,65.74,Thịt,74.89,Công nghệ cao,17.02
Sắn,35.36,56.77,57.96,Phù sa,182.29,Truyền thống,24.91
Sắn,22.05,105.49,69.65,Phù sa,114.12,Công nghệ cao,18.31
Sắn,17.95,107.77,48.18,Phù sa,74.34,Truyền thống,13.52
Đậu tương,32.42,217.97,59.55,Cát,51.89,Truyền thống,15.22
Lúa,30.72,54.93,88.47,Thịt,133.96,Công nghệ cao,20.89
Đậu tương,36.94,76.03,52.91,Phù sa,129.11,Công nghệ cao,20.57
Cà phê,33.38,249.98,72.84,Phù sa,157.9,Truyền thống,26.97
Đậu tương,35.09,94.64,56.26,Phù sa,183.54,Truyền thống,24.94
Lúa,22.05,213.19,78.67,Cát,61.91,Công nghệ cao,16.44
Lúa,19.44,109.55,46.54,Cát,159.72,Truyền thống,22.03
Cà phê,33.77,74.86,88.49,Sét,78.11,Công nghệ cao,15.46
Lúa,35.17,110.79,62.69,Thịt,178.73,Công nghệ cao,25.85
Hồ tiêu,39.76,230.57,51.8,Sét,172.86,Công nghệ cao,28.44
Lúa,25.32,263.92,43.67,Thịt,131.12,Truyền thống,24.52
Sắn,24.3,257.55,48.49,Cát,156.54,Truyền thống,25.78
Hồ tiêu,34.41,149.3,65.99,Phù sa,97.15,Công nghệ cao,18.31
Hồ tiêu,23.52,217.02,56.85,Sét,120.68,Truyền thống,21.56
Cà phê,38.27,101.25,81.44,Phù sa,173.25,Truyền thống,26.15
Khoai,36.46,123.29,61.54,Sét,118.89,Truyền thống,19.86
Khoai,25.72,274.08,52.44,Cát,103.67,Truyền thống,21.61
Lúa,33.77,53.25,70.86,Cát,124.13,Truyền thống,19.41
Hồ tiêu,33.86,71.38,75.34,Cát,174.24,Truyền thống,25.05
Khoai,17.58,101.97,48.35,Sét,100.28,Truyền thống,16.73
Khoai,37.56,56.63,48.38,Thịt,76.06,Công nghệ cao,14.28
Lúa,27.63,95.36,41.83,Sét,156.8,Truyền thống,22.64
Khoai,35.66,195.76,76.82,Thịt,173.9,Truyền thống,27.08
Đậu tương,23,155.36,73.19,Sét,65.1,Truyền thống,14.68
Ngô,37.39,273.17,63.73,Sét,85.98,Truyền thống,19.29
Cà phê,24.73,254.36,82.21,Cát,71.3,Truyền thống,18.14
Ngô,15.27,135.45,80.28,Phù sa,102.19,Truyền thống,18.49
Lúa,37.63,114.86,69.27,Phù sa,117.55,Truyền thống,20.24
Sắn,17.28,144.92,83.41,Thịt,162.32,Truyền thống,25.33
Cà phê,22.98,197.57,50.29,Phù sa,147.67,Công nghệ cao,23.37
Lúa,38.75,117.02,45.6,Sét,143.14,Truyền thống,22.29
Hồ tiêu,38.77,206.04,53.49,Sét,102.86,Truyền thống,19.4
Sắn,29.34,152.35,42.85,Cát,176.22,Truyền thống,25.23
Ngô,30.8,188.01,66.56,Cát,120.69,Truyền thống,21.71
Lúa,26.21,159.03,86.83,Phù sa,196.87,Công nghệ cao,29.21
Hồ tiêu,22.33,123.62,41.97,Thịt,145.12,Công nghệ cao,21.21
Cà phê,23.22,287.11,46.11,Phù sa,68.94,Công nghệ cao,17.14
Cà phê,31.81,240.9,62.61,Phù sa,151.43,Công nghệ cao,24.67
Mía,33.81,85.03,86.69,Phù sa,98.77,Công nghệ cao,17.69
Hồ tiêu,34.79,267.12,55.81,Phù sa,152.95,Công nghệ cao,26.5
Đậu tương,34.74,171.86,65.36,Sét,60.45,Công nghệ cao,15.47
Khoai,17.28,273.64,42.08,Thịt,76.23,Công nghệ cao,17.47
Sắn,27.36,249.96,47.42,Sét,178.36,Công nghệ cao,27.65
Hồ tiêu,16.44,156.3,89.33,Thịt,84.08,Công nghệ cao,17.04
Mía,28.74,55.62,88.26,Cát,175.56,Công nghệ cao,24.42
Khoai,26.04,117.17,40.25,Phù sa,91.89,Công nghệ cao,16.39
Khoai,37.19,185.41,87.59,Sét,146.43,Công nghệ cao,25.05
Lúa,23.77,208.37,71.96,Thịt,154.12,Công nghệ cao,25.17
Khoai,17.93,114.47,83.4,Cát,126.9,Công nghệ cao,20.11
Đậu tương,18.57,84.84,62.74,Cát,95.8,Công nghệ cao,15.01
Cà phê,34.04,258.73,65.78,Phù sa,81.9,Truyền thống,19.59
Mía,30.46,296.1,64.44,Thịt,54.98,Công nghệ cao,16.64
Khoai,17.53,181.42,73.34,Sét,95.59,Truyền thống,17.83
Lúa,17.1,92.92,46.98,Phù sa,147.97,Công nghệ cao,21.27
Đậu tương,32.52,118.08,41.5,Sét,190.75,Công nghệ cao,26.11
Ngô,16.82,54.6,55.4,Cát,180.68,Truyền thống,24.19
Cà phê,35.55,278.57,75.23,Sét,164.91,Công nghệ cao,28.41
Cà phê,32.66,79.44,50.09,Sét,168.27,Truyền thống,23.89
Mía,17.03,194.13,73.67,Phù sa,149.75,Truyền thống,23.24
Cà phê,17.12,118.51,88.5,Sét,89.04,Truyền thống,17.39
Khoai,39.67,188.54,44.7,Phù sa,186.08,Công nghệ cao,27.83
Lúa,24.36,212.86,73.63,Cát,150.61,Công nghệ cao,24.56
Cà phê,24.27,257.44,62.19,Phù sa,134.07,Công nghệ cao,23.71
Cà phê,35.32,101.61,83.41,Phù sa,66.65,Truyền thống,14.08
Ngô,38.68,52.75,48.86,Thịt,117.06,Truyền thống,18.37
Ngô,39.65,84.22,74.63,Sét,119.05,Công nghệ cao,19.3
Sắn,33.83,275,81.91,Cát,179.68,Công nghệ cao,28.94
Đậu tương,24.41,268.47,87.23,Phù sa,132,Công nghệ cao,23.65
Khoai,17.09,199.35,74.16,Cát,107.06,Công nghệ cao,20.33
Cà phê,34.43,200.13,64.86,Thịt,196.52,Công nghệ cao,29.01
Hồ tiêu,28.96,216.26,70.89,Sét,66.61,Truyền thống,17.33
Cà phê,25.61,93.84,83.45,Phù sa,113.38,Truyền thống,18.73
Lúa,37.66,278.6,68.53,Sét,56.3,Truyền thống,16.29
Sắn,17.78,154.69,41.52,Thịt,160.99,Công nghệ cao,22.77
Đậu tương,27.32,145.78,86.55,Thịt,187.71,Truyền thống,28.27
Hồ tiêu,15.28,179.73,74.48,Cát,92.01,Truyền thống,17.72
Sắn,26.72,61.74,73.83,Phù sa,178.75,Truyền thống,24.39
Mía,16.41,91.57,50.78,Cát,93.83,Truyền thống,15.64
Đậu tương,17.97,234.51,72.94,Thịt,186.62,Truyền thống,28.69
Cà phê,17.94,70.7,59.69,Sét,163.09,Công nghệ cao,22.97
Cà phê,31.23,200.79,72.56,Cát,170.74,Truyền thống,27.55
Đậu tương,33.65,111.34,45.33,Cát,52.7,Công nghệ cao,12.36
Cà phê,29.58,147.32,72.89,Sét,194.42,Công nghệ cao,27.39
Khoai,39.05,122.17,89.97,Cát,159,Công nghệ cao,24.79
Đậu tương,24.37,138.92,42.41,Sét,95.71,Công nghệ cao,16.97
Sắn,22.14,229.76,88.86,Phù sa,174.41,Công nghệ cao,27.33
Đậu tương,36.71,124.28,60.35,Sét,92.23,Truyền thống,16.88
Hồ tiêu,20.59,191.6,83.54,Phù sa,180.91,Truyền thống,27.63
Cà phê,39.08,169.01,79.12,Sét,66.89,Công nghệ cao,16.37
Khoai,15.3,215.92,68.35,Thịt,155.55,Công nghệ cao,24.71
Khoai,39.25,284.21,76.92,Thịt,131.1,Công nghệ cao,24.69
Mía,16.08,233.14,83.93,Phù sa,64.48,Truyền thống,16.32
Sắn,37.28,103.74,60.21,Phù sa,86.28,Công nghệ cao,15.91
Ngô,28.19,57.8,56.35,Thịt,51.86,Truyền thống,11.89
Ngô,39.82,115.57,73.38,Phù sa,120.32,Công nghệ cao,21.05
Đậu tương,16.84,198.77,80.39,Sét,95.19,Truyền thống,17.83
Mía,28.85,62.86,78.11,Sét,139.75,Công nghệ cao,20.55
Lúa,39.23,174.09,79.89,Thịt,94.59,Truyền thống,18.55
Đậu tương,28.08,199.21,61.78,Cát,94.99,Công nghệ cao,18.42
Mía,30.73,133.56,80.89,Sét,161.48,Truyền thống,24.74
Sắn,32.39,242.73,46.01,Phù sa,57.22,Truyền thống,14.85
Sắn,26.36,76.65,67.22,Cát,185.43,Truyền thống,24.95
Sắn,30.69,68.78,40.29,Cát,177.84,Truyền thống,23.4
Sắn,29.61,232.05,56.23,Sét,150.17,Truyền thống,24.93
Sắn,37.53,173.87,58.32,Sét,138.98,Truyền thống,23.04
Mía,16.14,222.1,59.81,Cát,183.85,Truyền thống,27.07
Mía,22.02,158.71,74.77,Cát,77.8,Công nghệ cao,16.39
Khoai,38.76,111.6,59.43,Thịt,61.85,Công nghệ cao,13.86
Hồ tiêu,37.26,254.78,62.43,Phù sa,85.93,Công nghệ cao,19.29
Ngô,26.39,249.85,51.88,Thịt,169.19,Công nghệ cao,27.63
Cà phê,30.5,223.67,58.66,Sét,55.2,Công nghệ cao,15.95
Sắn,21.93,118.04,51.36,Thịt,137.42,Truyền thống,20.09
Lúa,19.7,197.56,43.66,Thịt,199.32,Truyền thống,28.59
Cà phê,26.59,140.24,70.17,Thịt,178.35,Truyền thống,26.48
Mía,23.83,72.9,73.41,Thịt,128.22,Truyền thống,19.1
Lúa,29.59,279.33,70.97,Phù sa,59.55,Truyền thống,17.56
Lúa,16.94,84.2,63.17,Phù sa,174.71,Công nghệ cao,24.67
Lúa,39.36,287.56,58.99,Cát,139.85,Công nghệ cao,24.91
Khoai,39.66,161.5,83.17,Sét,67.24,Công nghệ cao,15.97
Mía,32.45,96.28,65.95,Thịt,64.08,Công nghệ cao,14.44
Lúa,28.4,185.48,63.96,Cát,186.44,Truyền thống,27.83
Sắn,22.74,268.24,41.28,Cát,150.38,Truyền thống,25.05
Đậu tương,35.34,233.06,57.06,Cát,174.39,Truyền thống,27.75
Lúa,32.12,251.64,59.01,Phù sa,181.85,Công nghệ cao,28.79
Khoai,19.07,214.7,59.94,Thịt,135.77,Truyền thống,21.96
Cà phê,37.77,223.07,69.01,Thịt,127.62,Công nghệ cao,23.71
Mía,35.56,262.3,66.68,Sét,114.56,Truyền thống,23.07
Hồ tiêu,38.74,112.42,70.4,Thịt,97.54,Truyền thống,17.94
Khoai,33.14,172.36,78.24,Thịt,115.19,Công nghệ cao,20.95
Lúa,30.34,105.3,80.65,Cát,166.08,Truyền thống,23.88
Mía,25.46,296.92,75.91,Sét,140.29,Truyền thống,25.77
Đậu tương,38.32,286.01,87.78,Thịt,183.88,Công nghệ cao,30.94
Lúa,36.65,59.86,40.91,Phù sa,116.51,Truyền thống,17.88
Khoai,16.13,226.39,49.79,Thịt,141.06,Công nghệ cao,23.5
Ngô,15.66,281.31,40.38,Cát,144.7,Truyền thống,23.92
Sắn,24.41,95.14,72.37,Phù sa,138.75,Truyền thống,21.45
Hồ tiêu,35.26,191.99,84.9,Cát,155.4,Truyền thống,25.18
Cà phê,39.68,278.87,52.17,Thịt,85.62,Truyền thống,19.68
Khoai,18.76,58.49,86.35,Phù sa,126.85,Truyền thống,19.3
Mía,29.85,224.36,43.01,Sét,65.63,Truyền thống,15.95
Hồ tiêu,24.52,124.34,86.72,Sét,107.68,Truyền thống,18.9
Hồ tiêu,39.25,281.1,57.58,Phù sa,123.15,Truyền thống,23.56
Hồ tiêu,36.05,292.76,45.07,Phù sa,147.83,Công nghệ cao,26.21
Lúa,35.96,286.07,64.29,Cát,192.58,Công nghệ cao,30.49
Sắn,26.72,168.55,52.84,Phù sa,140.1,Truyền thống,21.5
Lúa,25.37,265.51,54.24,Cát,161.54,Truyền thống,27.23
Mía,21.84,261.14,55.36,Thịt,125.94,Công nghệ cao,23.26
Lúa,16.41,129.78,80.15,Cát,145.12,Truyền thống,21.69
Ngô,36.62,257.23,66.96,Phù sa,60.64,Truyền thống,17.39
Sắn,35.32,59.25,55.57,Phù sa,88.16,Công nghệ cao,15.18
Sắn,39.99,199.07,70.52,Thịt,104.28,Truyền thống,20.66
Mía,39.92,107.5,75.81,Phù sa,120.87,Truyền thống,20.65
Cà phê,28.89,80.14,53.63,Phù sa,56.85,Công nghệ cao,12.22
Ngô,34.22,69.24,60.68,Sét,71,Truyền thống,13.62
Khoai,38.62,224.07,46.09,Sét,91.52,Truyền thống,18.6
Lúa,36.24,134.97,49.06,Thịt,195.73,Công nghệ cao,27.1
Đậu tương,21.18,231.19,74.06,Cát,99.7,Truyền thống,19.46
Lúa,26.26,66.34,49.07,Sét,122.31,Công nghệ cao,18.31
Hồ tiêu,18.23,128.82,66.26,Cát,79.41,Truyền thống,15.06
Lúa,38.85,184.87,75.45,Phù sa,141.62,Truyền thống,24.41
Khoai,30.15,247.68,45.34,Sét,92.1,Công nghệ cao,19.77
Lúa,20.72,129.69,68.37,Thịt,81.05,Công nghệ cao,15.5
Ngô,31.79,206.47,52.83,Thịt,127.49,Truyền thống,22.17
Ngô,30.45,271.49,88.15,Thịt,50.83,Công nghệ cao,16.93
Sắn,23.95,203.97,64.18,Sét,51.15,Công nghệ cao,14.55
Mía,17.84,108.24,80.3,Cát,82.86,Truyền thống,15.79
Cà phê,31.79,56.1,67.51,Phù sa,55.51,Truyền thống,12.66
Đậu tương,28.01,267.52,42.17,Cát,66.2,Truyền thống,16.88
Hồ tiêu,34.31,55.32,71.66,Cát,100.83,Công nghệ cao,16.44
Lúa,28,268.68,87.57,Phù sa,170.39,Công nghệ cao,28.87
Lúa,36.3,182.23,70.08,Phù sa,135.81,Công nghệ cao,23.59
Khoai,28.8,284.77,80.96,Sét,126.9,Công nghệ cao,23.87
Mía,29.02,249.7,84.21,Sét,94.02,Truyền thống,20.39
Ngô,36.92,299.48,51.4,Sét,189.76,Công nghệ cao,30.7
Đậu tương,25.09,137.68,50.6,Sét,109.55,Truyền thống,18.38
Sắn,18.35,241.8,70.55,Sét,63.06,Công nghệ cao,16.71
Ngô,15.72,150.48,60.55,Phù sa,142.56,Truyền thống,23.05
Hồ tiêu,33.88,169.97,81.99,Cát,67.08,Truyền thống,15.87
Mía,30.51,206.88,85,Sét,101.78,Truyền thống,19.7
Hồ tiêu,32.6,268.42,57.67,Sét,126.11,Công nghệ cao,23.49
Cà phê,20.32,296.02,51.84,Cát,181.13,Truyền thống,28.97
Sắn,18.41,242.07,79.03,Sét,124.03,Truyền thống,22.42
Cà phê,15.36,154.44,53.74,Cát,155.34,Công nghệ cao,23.73
Khoai,23.76,155.34,81.13,Cát,198.92,Truyền thống,27.95
Hồ tiêu,29.75,234.4,61.19,Phù sa,69.72,Công nghệ cao,17.33
Khoai,24.81,109.69,73.38,Thịt,91.21,Công nghệ cao,16.45
Lúa,25.94,77.62,44.78,Phù sa,109.19,Truyền thống,17.97
Cà phê,37.6,138.66,71.19,Thịt,113.27,Truyền thống,21.11
Mía,23.71,121.81,62.59,Thịt,111.65,Công nghệ cao,18.28
Hồ tiêu,27.85,124.08,69.33,Thịt,186.14,Truyền thống,26.29
Đậu tương,34.59,108.4,48.4,Sét,157.1,Công nghệ cao,23.49
Sắn,24.91,60.52,76.84,Phù sa,141.19,Công nghệ cao,20.69
Ngô,30.55,54.47,83.14,Thịt,96.41,Công nghệ cao,16.73
Mía,36.56,296.93,50.84,Cát,173.57,Truyền thống,28.66
Mía,38.74,156.94,44.79,Sét,193.26,Công nghệ cao,26.79
Khoai,18.68,146.08,41.18,Phù sa,173.18,Truyền thống,24.4
Cà phê,38.16,219.91,72.1,Thịt,50.23,Truyền thống,15.15
Hồ tiêu,27.3,104.56,70.35,Cát,145.46,Truyền thống,21.87
Hồ tiêu,21.46,287.49,67.33,Phù sa,57.67,Truyền thống,17.33
Lúa,26.48,246.59,51.6,Phù sa,88.64,Công nghệ cao,18.04
Lúa,39.5,72.35,59.55,Sét,58.93,Truyền thống,13.51
Sắn,27.32,154.4,69.72,Phù sa,140.57,Công nghệ cao,22.46
Khoai,23.22,269.78,64.84,Sét,152.99,Công nghệ cao,25.66
Mía,30.84,286.18,89.39,Thịt,67.17,Truyền thống,19.06
Hồ tiêu,21,166.85,46.82,Sét,107.58,Công nghệ cao,18.72
Đậu tương,16.9,203.35,74.76,Cát,118.44,Công nghệ cao,21.28
Khoai,18.22,91.76,60.22,Sét,105.36,Truyền thống,17.57
Sắn,18.2,297.79,61.41,Cát,68.15,Công nghệ cao,17.36
Sắn,18.8,107.92,75.88,Sét,112.84,Công nghệ cao,18.35
Khoai,18.47,285.68,74.62,Phù sa,162.68,Công nghệ cao,26.6
Sắn,31.02,212.41,89.56,Thịt,60.65,Công nghệ cao,16.14
Khoai,19.55,201.93,46.42,Cát,62.03,Truyền thống,16.09
Ngô,23.64,178.17,45.21,Sét,103.22,Công nghệ cao,19.05
Khoai,37.42,107.67,76.22,Sét,191.26,Công nghệ cao,26.76
Cà phê,26.85,94.13,68.92,Sét,150.29,Công nghệ cao,21.66
Khoai,31.69,105.12,53.71,Phù sa,151.8,Công nghệ cao,22.72
Sắn,19.31,96.61,43.97,Phù sa,104.29,Truyền thống,16.92
Hồ tiêu,19.81,244.9,44.28,Cát,139.05,Công nghệ cao,23.4
Cà phê,16.02,137.53,84.71,Cát,51.52,Truyền thống,13.12
Sắn,19.22,64.46,49.59,Phù sa,145.41,Công nghệ cao,20.22
Lúa,21.96,292.28,56.17,Cát,186.99,Truyền thống,29.49
Lúa,19.43,270.95,51.33,Thịt,141.89,Truyền thống,24.16
Hồ tiêu,17.22,281.94,57.75,Thịt,181.05,Truyền thống,27.23
Hồ tiêu,18.02,298.73,43.47,Phù sa,158.6,Truyền thống,25.92
Cà phê,26.52,93.47,65.95,Cát,68.08,Truyền thống,13.56
Ngô,20.16,149.06,43.38,Sét,185.37,Công nghệ cao,25.92
Hồ tiêu,24.11,239.56,80.02,Thịt,59.97,Công nghệ cao,17.89
Lúa,27.59,224.01,51.69,Phù sa,130.1,Công nghệ cao,22.6
Khoai,32.26,88.47,67,Cát,71.32,Truyền thống,14.37
Sắn,15.98,253.96,84,Phù sa,51.76,Công nghệ cao,16.04
Lúa,34.99,106.11,72.54,Sét,113.31,Truyền thống,19.62
Lúa,30.7,105.95,66.65,Thịt,94.26,Truyền thống,17.29
Ngô,17.04,184.24,56.22,Phù sa,122.9,Công nghệ cao,20.82
Cà phê,36.84,198.23,56.65,Phù sa,136.58,Công nghệ cao,24.19
Cà phê,38.02,195.02,73.47,Phù sa,56.56,Truyền thống,15.1
Mía,16.53,72.87,89.71,Sét,68.45,Truyền thống,14.06
Ngô,21.92,269.37,73.09,Phù sa,133.8,Công nghệ cao,23.59
Khoai,35.16,116.4,67.89,Sét,101.48,Công nghệ cao,18.55
Cà phê,33.71,82.38,76.53,Sét,159.38,Công nghệ cao,23.11
Sắn,19.61,272.19,63.26,Sét,147.84,Công nghệ cao,24.9
Hồ tiêu,20.23,288.91,43.01,Thịt,176.84,Truyền thống,27.62
Ngô,24.26,265.53,68.11,Thịt,153.87,Công nghệ cao,26.44
Hồ tiêu,27.11,252.38,87.88,Phù sa,114.49,Công nghệ cao,22.95
Lúa,30.46,213.81,48.77,Phù sa,150.94,Công nghệ cao,23.73
Sắn,24.22,187.71,74.5,Thịt,91.31,Truyền thống,18.36
Sắn,26.56,71.75,50.05,Cát,95.95,Truyền thống,15.5
Lúa,33.69,152.11,66.79,Thịt,168.35,Truyền thống,24.94
Ngô,15.92,143.17,44.83,Sét,116.96,Truyền thống,18.59
Lúa,21.31,114.94,62.52,Thịt,169.76,Công nghệ cao,24.06
Hồ tiêu,32.83,230.86,77.81,Sét,173.36,Truyền thống,29.14
Mía,37.38,173.97,57.38,Phù sa,178.63,Công nghệ cao,27.15
Sắn,27.79,70.26,73.25,Cát,187.5,Công nghệ cao,25.05
Đậu tương,28.3,105.05,79.77,Phù sa,114.65,Công nghệ cao,19.09
Đậu tương,17.68,220.81,86.36,Sét,97.83,Công nghệ cao,20.18
Hồ tiêu,26.19,69.03,51.73,Sét,137.33,Truyền thống,21.02
Khoai,28.32,262.8,59.97,Sét,105.68,Truyền thống,20.25
Cà phê,21.06,173.79,47.62,Cát,140.16,Truyền thống,21.03
Lúa,21.73,170.15,89.62,Thịt,155.84,Công nghệ cao,25.7
Lúa,24.43,198.1,86.35,Phù sa,153.26,Công nghệ cao,25.29
Khoai,15.5,256.17,67,Phù sa,106.18,Công nghệ cao,20.09
Khoai,23.05,136.95,82.1,Thịt,75.03,Công nghệ cao,16.12
Hồ tiêu,20.29,219.5,66.05,Phù sa,114.58,Công nghệ cao,19.53
Hồ tiêu,23.19,191.43,71.18,Cát,71.39,Truyền thống,16.26
Khoai,17.99,116.76,44.46,Phù sa,183.51,Công nghệ cao,25.08
Sắn,37.26,269.66,77.76,Sét,101.88,Truyền thống,22.24
Hồ tiêu,29.84,249.36,46.39,Thịt,73.17,Công nghệ cao,16.68
Mía,31.98,214.61,81.3,Cát,53.82,Công nghệ cao,15.76
Hồ tiêu,34.73,262.65,79.1,Thịt,146.87,Truyền thống,25.59
Lúa,27.46,266.82,75.44,Cát,145.54,Truyền thống,25.65
Hồ tiêu,17.17,227.09,41.81,Sét,101.09,Công nghệ cao,18.32
Sắn,28.43,259.25,55.16,Thịt,60.76,Công nghệ cao,16.13
Khoai,29.67,224.37,53.16,Phù sa,111.44,Công nghệ cao,20.21
Lúa,33.64,220.04,58.01,Cát,96.68,Công nghệ cao,19.82
Hồ tiêu,25.79,204.65,44.38,Thịt,151.57,Truyền thống,24.3
Sắn,18.19,238.18,86.85,Phù sa,140.87,Công nghệ cao,24.25
Mía,22.09,89.65,67.69,Thịt,104.69,Truyền thống,17.42
Hồ tiêu,24.08,270.22,55.28,Thịt,82.68,Công nghệ cao,17.81
Sắn,31.15,267.96,59.85,Thịt,198.21,Truyền thống,30.38
Mía,29.27,57.31,62.36,Cát,118.1,Truyền thống,18.27
Khoai,23.9,256.45,70.03,Phù sa,153.24,Công nghệ cao,27.06
Hồ tiêu,39.66,82.22,65.78,Sét,71.08,Truyền thống,14.15
Mía,30.14,133.78,85.97,Cát,122.84,Công nghệ cao,21.78
Lúa,20.93,235.88,64.85,Cát,54.13,Truyền thống,15.62
Khoai,17.54,90.19,89.61,Cát,125.82,Công nghệ cao,20.09
Lúa,18.82,254.49,82.57,Sét,194.6,Truyền thống,30.85
Đậu tương,21.15,258.03,50.43,Phù sa,107.63,Công nghệ cao,20.68
Ngô,19.02,176.87,86.53,Phù sa,55.85,Công nghệ cao,14.86
Hồ tiêu,19.66,51.6,45.82,Phù sa,54.64,Truyền thống,10.83
Mía,22.13,121.76,80.87,Thịt,108.2,Truyền thống,19.4
Ngô,19.33,204.23,59.03,Thịt,74,Truyền thống,16.77
Ngô,37.42,295.3,83.9,Thịt,53.5,Truyền thống,17.33
Mía,17.01,207.95,83.4,Sét,163.43,Công nghệ cao,25.19
Khoai,28.11,114.95,80.3,Thịt,118.78,Truyền thống,19.89
Hồ tiêu,25.26,208.5,79.5,Sét,93.39,Công nghệ cao,18.76
Đậu tương,39.56,185,55.23,Phù sa,185.01,Truyền thống,27.8
Lúa,17.8,244.96,44.05,Thịt,67.42,Công nghệ cao,16.47
Sắn,24.95,76.75,60.15,Thịt,193.39,Công nghệ cao,25.7
Lúa,39.24,240.26,48.68,Cát,97.1,Công nghệ cao,19.92
Sắn,36.64,185.32,74.75,Sét,183.26,Công nghệ cao,28.14
Lúa,35.43,290.75,57.3,Phù sa,140.44,Truyền thống,25.77
Mía,21.45,135.47,88.78,Cát,174.01,Truyền thống,24.72
Đậu tương,19.27,208.16,72.05,Cát,197.6,Công nghệ cao,28.74
Hồ tiêu,31.72,283.01,81.12,Phù sa,93.26,Truyền thống,21.11
Sắn,38.23,75.63,46.63,Cát,194.17,Truyền thống,26.84
Hồ tiêu,28.92,284.31,83.1,Sét,108.42,Công nghệ cao,22.22
Hồ tiêu,29.29,221.97,86.14,Sét,107.83,Truyền thống,20.33
Hồ tiêu,22,66.96,64.35,Thịt,101.06,Truyền thống,16.79
Cà phê,34.24,125.24,70.31,Cát,131.21,Truyền thống,21.13
Khoai,19.68,227.04,78.24,Thịt,73.12,Công nghệ cao,16.59
Lúa,23.09,66.84,48.74,Cát,133.06,Truyền thống,18.95
Hồ tiêu,25.64,195.54,65.13,Sét,131.26,Công nghệ cao,22.18
Lúa,27.69,136.47,59.93,Sét,164.29,Truyền thống,24.04
Hồ tiêu,21.06,205.23,47.32,Sét,175.05,Truyền thống,24.98
Sắn,17.87,61.44,58.38,Cát,116.07,Truyền thống,17.93
Khoai,30.27,267.88,43.41,Sét,95.35,Công nghệ cao,20.35
Khoai,22.22,293.37,41.29,Cát,88.9,Công nghệ cao,19.43
Mía,29.53,292.22,46.76,Thịt,79.19,Truyền thống,18.07
Cà phê,18.86,237.41,88.16,Cát,58.65,Công nghệ cao,16.1
Mía,27.03,82.52,67.48,Thịt,101.37,Truyền thống,17.16
Mía,28.31,239.57,88.29,Cát,90.54,Công nghệ cao,20.21
Mía,16.3,56.15,61.62,Thịt,194.96,Công nghệ cao,25.62
Mía,23.42,55.53,55.59,Sét,133.66,Truyền thống,18.95
Mía,18.36,130.9,65.31,Thịt,102.09,Truyền thống,17.75
Đậu tương,16.58,172.16,61.98,Sét,137.07,Truyền thống,22.07
Khoai,39.75,242.6,45.28,Sét,70.88,Truyền thống,18.01
Mía,23.06,220.82,72.04,Thịt,116.61,Công nghệ cao,21.74
Hồ tiêu,35.25,161.48,50.8,Cát,143.94,Công nghệ cao,23.3
Khoai,21.37,118.41,70.98,Cát,123.33,Công nghệ cao,19.94
Khoai,32.04,299.28,72.51,Phù sa,110.27,Truyền thống,23.5
Ngô,34.01,156.55,47.6,Cát,199.08,Truyền thống,28.37
Đậu tương,29.89,162.85,43.07,Phù sa,182.05,Công nghệ cao,25.82
Mía,26.79,90.91,79.04,Cát,143.51,Truyền thống,22.58
Lúa,25.3,248.7,62.99,Cát,135.41,Công nghệ cao,24.02
Sắn,23.72,223.42,42.91,Sét,143.1,Công nghệ cao,23.03
Cà phê,38.24,105.19,89.74,Phù sa,80.2,Công nghệ cao,16.49
Hồ tiêu,35.77,70.6,42.89,Cát,109.27,Công nghệ cao,17.56
Lúa,39.13,220.12,74.75,Phù sa,55.92,Công nghệ cao,16.42
Đậu tương,18.11,213.63,89.18,Sét,121.33,Truyền thống,22.09
Sắn,33.27,118.31,51.96,Sét,131.45,Truyền thống,20.89
Đậu tương,38.46,287.72,47.11,Phù sa,84.16,Truyền thống,20.36
Hồ tiêu,19.53,87.76,46.07,Sét,194.6,Công nghệ cao,26.11
Khoai,16.66,158.08,55.16,Thịt,186.42,Công nghệ cao,26.39
Sắn,33.53,285.9,45.05,Thịt,158.32,Công nghệ cao,27.05
Khoai,29.36,154.93,74.61,Sét,130.01,Công nghệ cao,21.29
Hồ tiêu,36.05,209.63,43.11,Thịt,180.5,Truyền thống,27.54
Lúa,18.49,149.4,65.47,Cát,69.6,Truyền thống,15.74
Hồ tiêu,34.88,118.55,89.83,Phù sa,168.58,Công nghệ cao,25.56
Lúa,20.04,295.99,80.7,Cát,68.72,Công nghệ cao,17.79
Sắn,19.09,152.33,70.76,Phù sa,169.13,Công nghệ cao,24.71
Sắn,19.11,273.52,55.31,Sét,91.37,Truyền thống,18.68
Mía,35.36,107.49,71.19,Cát,181.56,Truyền thống,25.82
Đậu tương,31.63,103.28,66.35,Sét,191.61,Truyền thống,26.61
Mía,28.08,57.78,61.3,Sét,72.32,Công nghệ cao,12.93
Đậu tương,23.97,212.92,46.54,Phù sa,119.4,Công nghệ cao,20.8
Mía,36.93,142.13,84.33,Phù sa,197.15,Truyền thống,29.39
Khoai,24.81,266.09,62.49,Phù sa,122.51,Công nghệ cao,22.23
Sắn,35.41,168.3,49.73,Cát,179.53,Truyền thống,27.34
Lúa,25.98,292.05,58.39,Thịt,138.31,Công nghệ cao,24.98
Đậu tương,24.42,96.38,60.71,Phù sa,106.3,Truyền thống,18.12
Hồ tiêu,26.57,267.16,81.38,Phù sa,92.87,Công nghệ cao,20.07
Đậu tương,22.53,244.15,76.68,Cát,80.48,Truyền thống,18.79
Lúa,33.69,242.73,78.47,Phù sa,164.27,Truyền thống,26.77
Mía,27.57,261.2,40.55,Cát,107.98,Truyền thống,21.06
Đậu tương,20.81,240.26,60.81,Sét,126.69,Truyền thống,22.42
Cà phê,37.49,206.56,64.07,Phù sa,123.85,Truyền thống,22.59
Khoai,24.6,82.81,40.96,Phù sa,136.59,Truyền thống,19.19
Sắn,28.59,58.13,52.99,Sét,179.84,Công nghệ cao,23.72
Lúa,37.66,280.21,78.01,Sét,197.11,Công nghệ cao,31.84
Sắn,30.61,204.16,46.86,Sét,111.14,Công nghệ cao,19.66
